scenario,seed,episode,candidate_sources_within_1_hop,candidate_sources_within_2_hop,candidate_sources_within_3_hop,candidate_sources_within_4_hop
nominal,7,0,6,30,53,60
degraded_ego,7,0,6,30,53,60
ambiguous_local_context,7,0,5,29,52,60
noisy_untrusted_external,7,0,7,31,54,60
nominal,7,1,6,30,53,60
degraded_ego,7,1,5,29,52,60
ambiguous_local_context,7,1,7,31,54,60
noisy_untrusted_external,7,1,5,29,52,60
nominal,7,2,8,32,55,60
degraded_ego,7,2,7,31,54,60
ambiguous_local_context,7,2,5,29,52,60
noisy_untrusted_external,7,2,5,29,52,60
nominal,7,3,8,32,55,60
degraded_ego,7,3,6,30,53,60
ambiguous_local_context,7,3,6,30,53,60
noisy_untrusted_external,7,3,7,31,54,60
nominal,7,4,7,31,54,60
degraded_ego,7,4,6,30,53,60
ambiguous_local_context,7,4,6,30,53,60
noisy_untrusted_external,7,4,8,32,55,60
nominal,7,5,7,31,54,60
degraded_ego,7,5,8,32,55,60
ambiguous_local_context,7,5,5,29,52,60
noisy_untrusted_external,7,5,5,29,52,60
nominal,7,6,5,29,52,60
degraded_ego,7,6,8,32,55,60
ambiguous_local_context,7,6,6,30,53,60
noisy_untrusted_external,7,6,6,30,53,60
nominal,7,7,5,29,52,60
degraded_ego,7,7,6,30,53,60
ambiguous_local_context,7,7,8,32,55,60
noisy_untrusted_external,7,7,5,29,52,60
nominal,7,8,6,30,53,60
degraded_ego,7,8,8,32,55,60
ambiguous_local_context,7,8,5,29,52,60
noisy_untrusted_external,7,8,8,32,55,60
nominal,7,9,7,31,54,60
degraded_ego,7,9,7,31,54,60
ambiguous_local_context,7,9,5,29,52,60
noisy_untrusted_external,7,9,6,30,53,60
nominal,7,10,6,30,53,60
degraded_ego,7,10,5,29,52,60
ambiguous_local_context,7,10,6,30,53,60
noisy_untrusted_external,7,10,7,31,54,60
nominal,7,11,8,32,55,60
degraded_ego,7,11,5,29,52,60
ambiguous_local_context,7,11,7,31,54,60
noisy_untrusted_external,7,11,6,30,53,60
nominal,7,12,5,29,52,60
degraded_ego,7,12,7,31,54,60
ambiguous_local_context,7,12,5,29,52,60
noisy_untrusted_external,7,12,6,30,53,60
nominal,7,13,8,32,55,60
degraded_ego,7,13,6,30,53,60
ambiguous_local_context,7,13,7,31,54,60
noisy_untrusted_external,7,13,5,29,52,60
nominal,7,14,7,31,54,60
degraded_ego,7,14,5,29,52,60
ambiguous_local_context,7,14,5,29,52,60
noisy_untrusted_external,7,14,6,30,53,60
nominal,7,15,7,31,54,60
degraded_ego,7,15,8,32,55,60
ambiguous_local_context,7,15,8,32,55,60
noisy_untrusted_external,7,15,7,31,54,60
nominal,7,16,5,29,52,60
degraded_ego,7,16,6,30,53,60
ambiguous_local_context,7,16,5,29,52,60
noisy_untrusted_external,7,16,8,32,55,60
nominal,7,17,8,32,55,60
degraded_ego,7,17,5,29,52,60
ambiguous_local_context,7,17,5,29,52,60
noisy_untrusted_external,7,17,8,32,55,60
nominal,7,18,5,29,52,60
degraded_ego,7,18,5,29,52,60
ambiguous_local_context,7,18,6,30,53,60
noisy_untrusted_external,7,18,8,32,55,60
nominal,7,19,5,29,52,60
degraded_ego,7,19,8,32,55,60
ambiguous_local_context,7,19,6,30,53,60
noisy_untrusted_external,7,19,7,31,54,60
nominal,7,20,6,30,53,60
degraded_ego,7,20,5,29,52,60
ambiguous_local_context,7,20,7,31,54,60
noisy_untrusted_external,7,20,8,32,55,60
nominal,7,21,8,32,55,60
degraded_ego,7,21,5,29,52,60
ambiguous_local_context,7,21,6,30,53,60
noisy_untrusted_external,7,21,7,31,54,60
nominal,7,22,8,32,55,60
degraded_ego,7,22,7,31,54,60
ambiguous_local_context,7,22,8,32,55,60
noisy_untrusted_external,7,22,7,31,54,60
nominal,7,23,5,29,52,60
degraded_ego,7,23,5,29,52,60
ambiguous_local_context,7,23,7,31,54,60
noisy_untrusted_external,7,23,7,31,54,60
nominal,7,24,8,32,55,60
degraded_ego,7,24,6,30,53,60
ambiguous_local_context,7,24,7,31,54,60
noisy_untrusted_external,7,24,7,31,54,60
nominal,7,25,6,30,53,60
degraded_ego,7,25,5,29,52,60
ambiguous_local_context,7,25,7,31,54,60
noisy_untrusted_external,7,25,5,29,52,60
nominal,7,26,5,29,52,60
degraded_ego,7,26,6,30,53,60
ambiguous_local_context,7,26,6,30,53,60
noisy_untrusted_external,7,26,5,29,52,60
nominal,7,27,5,29,52,60
degraded_ego,7,27,5,29,52,60
ambiguous_local_context,7,27,7,31,54,60
noisy_untrusted_external,7,27,6,30,53,60
nominal,7,28,5,29,52,60
degraded_ego,7,28,5,29,52,60
ambiguous_local_context,7,28,6,30,53,60
noisy_untrusted_external,7,28,8,32,55,60
nominal,7,29,8,32,55,60
degraded_ego,7,29,8,32,55,60
ambiguous_local_context,7,29,5,29,52,60
noisy_untrusted_external,7,29,5,29,52,60
nominal,7,30,6,30,53,60
degraded_ego,7,30,7,31,54,60
ambiguous_local_context,7,30,7,31,54,60
noisy_untrusted_external,7,30,6,30,53,60
nominal,7,31,5,29,52,60
degraded_ego,7,31,8,32,55,60
ambiguous_local_context,7,31,6,30,53,60
noisy_untrusted_external,7,31,6,30,53,60
nominal,7,32,5,29,52,60
degraded_ego,7,32,6,30,53,60
ambiguous_local_context,7,32,8,32,55,60
noisy_untrusted_external,7,32,5,29,52,60
nominal,7,33,6,30,53,60
degraded_ego,7,33,7,31,54,60
ambiguous_local_context,7,33,8,32,55,60
noisy_untrusted_external,7,33,8,32,55,60
nominal,7,34,7,31,54,60
degraded_ego,7,34,8,32,55,60
ambiguous_local_context,7,34,7,31,54,60
noisy_untrusted_external,7,34,5,29,52,60
nominal,7,35,8,32,55,60
degraded_ego,7,35,7,31,54,60
ambiguous_local_context,7,35,8,32,55,60
noisy_untrusted_external,7,35,8,32,55,60
nominal,7,36,8,32,55,60
degraded_ego,7,36,8,32,55,60
ambiguous_local_context,7,36,7,31,54,60
noisy_untrusted_external,7,36,7,31,54,60
nominal,7,37,7,31,54,60
degraded_ego,7,37,8,32,55,60
ambiguous_local_context,7,37,7,31,54,60
noisy_untrusted_external,7,37,5,29,52,60
nominal,7,38,5,29,52,60
degraded_ego,7,38,8,32,55,60
ambiguous_local_context,7,38,6,30,53,60
noisy_untrusted_external,7,38,8,32,55,60
nominal,7,39,8,32,55,60
degraded_ego,7,39,7,31,54,60
ambiguous_local_context,7,39,6,30,53,60
noisy_untrusted_external,7,39,6,30,53,60
nominal,7,40,7,31,54,60
degraded_ego,7,40,5,29,52,60
ambiguous_local_context,7,40,5,29,52,60
noisy_untrusted_external,7,40,5,29,52,60
nominal,7,41,7,31,54,60
degraded_ego,7,41,6,30,53,60
ambiguous_local_context,7,41,8,32,55,60
noisy_untrusted_external,7,41,5,29,52,60
nominal,7,42,6,30,53,60
degraded_ego,7,42,7,31,54,60
ambiguous_local_context,7,42,6,30,53,60
noisy_untrusted_external,7,42,7,31,54,60
nominal,7,43,7,31,54,60
degraded_ego,7,43,6,30,53,60
ambiguous_local_context,7,43,7,31,54,60
noisy_untrusted_external,7,43,8,32,55,60
nominal,7,44,5,29,52,60
degraded_ego,7,44,5,29,52,60
ambiguous_local_context,7,44,8,32,55,60
noisy_untrusted_external,7,44,5,29,52,60
nominal,7,45,6,30,53,60
degraded_ego,7,45,5,29,52,60
ambiguous_local_context,7,45,6,30,53,60
noisy_untrusted_external,7,45,7,31,54,60
nominal,7,46,6,30,53,60
degraded_ego,7,46,8,32,55,60
ambiguous_local_context,7,46,8,32,55,60
noisy_untrusted_external,7,46,5,29,52,60
nominal,7,47,5,29,52,60
degraded_ego,7,47,8,32,55,60
ambiguous_local_context,7,47,8,32,55,60
noisy_untrusted_external,7,47,5,29,52,60
nominal,7,48,8,32,55,60
degraded_ego,7,48,6,30,53,60
ambiguous_local_context,7,48,5,29,52,60
noisy_untrusted_external,7,48,5,29,52,60
nominal,7,49,6,30,53,60
degraded_ego,7,49,5,29,52,60
ambiguous_local_context,7,49,6,30,53,60
noisy_untrusted_external,7,49,7,31,54,60
nominal,11,0,6,30,53,60
degraded_ego,11,0,5,29,52,60
ambiguous_local_context,11,0,5,29,52,60
noisy_untrusted_external,11,0,5,29,52,60
nominal,11,1,5,29,52,60
degraded_ego,11,1,5,29,52,60
ambiguous_local_context,11,1,8,32,55,60
noisy_untrusted_external,11,1,8,32,55,60
nominal,11,2,8,32,55,60
degraded_ego,11,2,7,31,54,60
ambiguous_local_context,11,2,7,31,54,60
noisy_untrusted_external,11,2,5,29,52,60
nominal,11,3,5,29,52,60
degraded_ego,11,3,8,32,55,60
ambiguous_local_context,11,3,5,29,52,60
noisy_untrusted_external,11,3,5,29,52,60
nominal,11,4,7,31,54,60
degraded_ego,11,4,6,30,53,60
ambiguous_local_context,11,4,7,31,54,60
noisy_untrusted_external,11,4,8,32,55,60
nominal,11,5,6,30,53,60
degraded_ego,11,5,8,32,55,60
ambiguous_local_context,11,5,6,30,53,60
noisy_untrusted_external,11,5,7,31,54,60
nominal,11,6,5,29,52,60
degraded_ego,11,6,8,32,55,60
ambiguous_local_context,11,6,8,32,55,60
noisy_untrusted_external,11,6,8,32,55,60
nominal,11,7,8,32,55,60
degraded_ego,11,7,5,29,52,60
ambiguous_local_context,11,7,5,29,52,60
noisy_untrusted_external,11,7,7,31,54,60
nominal,11,8,5,29,52,60
degraded_ego,11,8,5,29,52,60
ambiguous_local_context,11,8,7,31,54,60
noisy_untrusted_external,11,8,7,31,54,60
nominal,11,9,7,31,54,60
degraded_ego,11,9,6,30,53,60
ambiguous_local_context,11,9,6,30,53,60
noisy_untrusted_external,11,9,5,29,52,60
nominal,11,10,6,30,53,60
degraded_ego,11,10,8,32,55,60
ambiguous_local_context,11,10,8,32,55,60
noisy_untrusted_external,11,10,5,29,52,60
nominal,11,11,6,30,53,60
degraded_ego,11,11,6,30,53,60
ambiguous_local_context,11,11,8,32,55,60
noisy_untrusted_external,11,11,5,29,52,60
nominal,11,12,7,31,54,60
degraded_ego,11,12,8,32,55,60
ambiguous_local_context,11,12,8,32,55,60
noisy_untrusted_external,11,12,6,30,53,60
nominal,11,13,8,32,55,60
degraded_ego,11,13,6,30,53,60
ambiguous_local_context,11,13,7,31,54,60
noisy_untrusted_external,11,13,6,30,53,60
nominal,11,14,7,31,54,60
degraded_ego,11,14,8,32,55,60
ambiguous_local_context,11,14,5,29,52,60
noisy_untrusted_external,11,14,8,32,55,60
nominal,11,15,8,32,55,60
degraded_ego,11,15,5,29,52,60
ambiguous_local_context,11,15,5,29,52,60
noisy_untrusted_external,11,15,7,31,54,60
nominal,11,16,5,29,52,60
degraded_ego,11,16,8,32,55,60
ambiguous_local_context,11,16,7,31,54,60
noisy_untrusted_external,11,16,5,29,52,60
nominal,11,17,8,32,55,60
degraded_ego,11,17,7,31,54,60
ambiguous_local_context,11,17,6,30,53,60
noisy_untrusted_external,11,17,8,32,55,60
nominal,11,18,8,32,55,60
degraded_ego,11,18,8,32,55,60
ambiguous_local_context,11,18,7,31,54,60
noisy_untrusted_external,11,18,5,29,52,60
nominal,11,19,8,32,55,60
degraded_ego,11,19,5,29,52,60
ambiguous_local_context,11,19,8,32,55,60
noisy_untrusted_external,11,19,5,29,52,60
nominal,11,20,7,31,54,60
degraded_ego,11,20,7,31,54,60
ambiguous_local_context,11,20,6,30,53,60
noisy_untrusted_external,11,20,5,29,52,60
nominal,11,21,8,32,55,60
degraded_ego,11,21,5,29,52,60
ambiguous_local_context,11,21,5,29,52,60
noisy_untrusted_external,11,21,5,29,52,60
nominal,11,22,8,32,55,60
degraded_ego,11,22,7,31,54,60
ambiguous_local_context,11,22,5,29,52,60
noisy_untrusted_external,11,22,6,30,53,60
nominal,11,23,8,32,55,60
degraded_ego,11,23,6,30,53,60
ambiguous_local_context,11,23,7,31,54,60
noisy_untrusted_external,11,23,6,30,53,60
nominal,11,24,6,30,53,60
degraded_ego,11,24,5,29,52,60
ambiguous_local_context,11,24,6,30,53,60
noisy_untrusted_external,11,24,6,30,53,60
nominal,11,25,8,32,55,60
degraded_ego,11,25,7,31,54,60
ambiguous_local_context,11,25,7,31,54,60
noisy_untrusted_external,11,25,5,29,52,60
nominal,11,26,5,29,52,60
degraded_ego,11,26,7,31,54,60
ambiguous_local_context,11,26,7,31,54,60
noisy_untrusted_external,11,26,8,32,55,60
nominal,11,27,8,32,55,60
degraded_ego,11,27,8,32,55,60
ambiguous_local_context,11,27,5,29,52,60
noisy_untrusted_external,11,27,8,32,55,60
nominal,11,28,5,29,52,60
degraded_ego,11,28,5,29,52,60
ambiguous_local_context,11,28,8,32,55,60
noisy_untrusted_external,11,28,8,32,55,60
nominal,11,29,5,29,52,60
degraded_ego,11,29,5,29,52,60
ambiguous_local_context,11,29,8,32,55,60
noisy_untrusted_external,11,29,7,31,54,60
nominal,11,30,5,29,52,60
degraded_ego,11,30,7,31,54,60
ambiguous_local_context,11,30,7,31,54,60
noisy_untrusted_external,11,30,6,30,53,60
nominal,11,31,8,32,55,60
degraded_ego,11,31,8,32,55,60
ambiguous_local_context,11,31,7,31,54,60
noisy_untrusted_external,11,31,8,32,55,60
nominal,11,32,6,30,53,60
degraded_ego,11,32,8,32,55,60
ambiguous_local_context,11,32,8,32,55,60
noisy_untrusted_external,11,32,7,31,54,60
nominal,11,33,7,31,54,60
degraded_ego,11,33,7,31,54,60
ambiguous_local_context,11,33,6,30,53,60
noisy_untrusted_external,11,33,7,31,54,60
nominal,11,34,5,29,52,60
degraded_ego,11,34,6,30,53,60
ambiguous_local_context,11,34,6,30,53,60
noisy_untrusted_external,11,34,6,30,53,60
nominal,11,35,7,31,54,60
degraded_ego,11,35,7,31,54,60
ambiguous_local_context,11,35,6,30,53,60
noisy_untrusted_external,11,35,5,29,52,60
nominal,11,36,7,31,54,60
degraded_ego,11,36,7,31,54,60
ambiguous_local_context,11,36,8,32,55,60
noisy_untrusted_external,11,36,8,32,55,60
nominal,11,37,6,30,53,60
degraded_ego,11,37,6,30,53,60
ambiguous_local_context,11,37,7,31,54,60
noisy_untrusted_external,11,37,6,30,53,60
nominal,11,38,6,30,53,60
degraded_ego,11,38,5,29,52,60
ambiguous_local_context,11,38,6,30,53,60
noisy_untrusted_external,11,38,8,32,55,60
nominal,11,39,6,30,53,60
degraded_ego,11,39,8,32,55,60
ambiguous_local_context,11,39,7,31,54,60
noisy_untrusted_external,11,39,5,29,52,60
nominal,11,40,5,29,52,60
degraded_ego,11,40,7,31,54,60
ambiguous_local_context,11,40,8,32,55,60
noisy_untrusted_external,11,40,7,31,54,60
nominal,11,41,6,30,53,60
degraded_ego,11,41,7,31,54,60
ambiguous_local_context,11,41,7,31,54,60
noisy_untrusted_external,11,41,5,29,52,60
nominal,11,42,5,29,52,60
degraded_ego,11,42,8,32,55,60
ambiguous_local_context,11,42,7,31,54,60
noisy_untrusted_external,11,42,7,31,54,60
nominal,11,43,7,31,54,60
degraded_ego,11,43,6,30,53,60
ambiguous_local_context,11,43,7,31,54,60
noisy_untrusted_external,11,43,5,29,52,60
nominal,11,44,8,32,55,60
degraded_ego,11,44,6,30,53,60
ambiguous_local_context,11,44,8,32,55,60
noisy_untrusted_external,11,44,6,30,53,60
nominal,11,45,8,32,55,60
degraded_ego,11,45,7,31,54,60
ambiguous_local_context,11,45,5,29,52,60
noisy_untrusted_external,11,45,6,30,53,60
nominal,11,46,6,30,53,60
degraded_ego,11,46,8,32,55,60
ambiguous_local_context,11,46,8,32,55,60
noisy_untrusted_external,11,46,5,29,52,60
nominal,11,47,6,30,53,60
degraded_ego,11,47,8,32,55,60
ambiguous_local_context,11,47,8,32,55,60
noisy_untrusted_external,11,47,6,30,53,60
nominal,11,48,5,29,52,60
degraded_ego,11,48,7,31,54,60
ambiguous_local_context,11,48,6,30,53,60
noisy_untrusted_external,11,48,6,30,53,60
nominal,11,49,5,29,52,60
degraded_ego,11,49,8,32,55,60
ambiguous_local_context,11,49,6,30,53,60
noisy_untrusted_external,11,49,6,30,53,60
nominal,13,0,7,31,54,60
degraded_ego,13,0,6,30,53,60
ambiguous_local_context,13,0,5,29,52,60
noisy_untrusted_external,13,0,6,30,53,60
nominal,13,1,6,30,53,60
degraded_ego,13,1,8,32,55,60
ambiguous_local_context,13,1,8,32,55,60
noisy_untrusted_external,13,1,7,31,54,60
nominal,13,2,7,31,54,60
degraded_ego,13,2,6,30,53,60
ambiguous_local_context,13,2,7,31,54,60
noisy_untrusted_external,13,2,6,30,53,60
nominal,13,3,6,30,53,60
degraded_ego,13,3,8,32,55,60
ambiguous_local_context,13,3,6,30,53,60
noisy_untrusted_external,13,3,7,31,54,60
nominal,13,4,5,29,52,60
degraded_ego,13,4,7,31,54,60
ambiguous_local_context,13,4,7,31,54,60
noisy_untrusted_external,13,4,7,31,54,60
nominal,13,5,6,30,53,60
degraded_ego,13,5,5,29,52,60
ambiguous_local_context,13,5,6,30,53,60
noisy_untrusted_external,13,5,8,32,55,60
nominal,13,6,6,30,53,60
degraded_ego,13,6,8,32,55,60
ambiguous_local_context,13,6,5,29,52,60
noisy_untrusted_external,13,6,7,31,54,60
nominal,13,7,6,30,53,60
degraded_ego,13,7,7,31,54,60
ambiguous_local_context,13,7,8,32,55,60
noisy_untrusted_external,13,7,6,30,53,60
nominal,13,8,8,32,55,60
degraded_ego,13,8,7,31,54,60
ambiguous_local_context,13,8,6,30,53,60
noisy_untrusted_external,13,8,8,32,55,60
nominal,13,9,6,30,53,60
degraded_ego,13,9,8,32,55,60
ambiguous_local_context,13,9,5,29,52,60
noisy_untrusted_external,13,9,7,31,54,60
nominal,13,10,8,32,55,60
degraded_ego,13,10,8,32,55,60
ambiguous_local_context,13,10,7,31,54,60
noisy_untrusted_external,13,10,8,32,55,60
nominal,13,11,8,32,55,60
degraded_ego,13,11,5,29,52,60
ambiguous_local_context,13,11,6,30,53,60
noisy_untrusted_external,13,11,8,32,55,60
nominal,13,12,7,31,54,60
degraded_ego,13,12,8,32,55,60
ambiguous_local_context,13,12,8,32,55,60
noisy_untrusted_external,13,12,8,32,55,60
nominal,13,13,5,29,52,60
degraded_ego,13,13,8,32,55,60
ambiguous_local_context,13,13,7,31,54,60
noisy_untrusted_external,13,13,7,31,54,60
nominal,13,14,8,32,55,60
degraded_ego,13,14,8,32,55,60
ambiguous_local_context,13,14,5,29,52,60
noisy_untrusted_external,13,14,5,29,52,60
nominal,13,15,5,29,52,60
degraded_ego,13,15,7,31,54,60
ambiguous_local_context,13,15,7,31,54,60
noisy_untrusted_external,13,15,5,29,52,60
nominal,13,16,7,31,54,60
degraded_ego,13,16,6,30,53,60
ambiguous_local_context,13,16,6,30,53,60
noisy_untrusted_external,13,16,6,30,53,60
nominal,13,17,5,29,52,60
degraded_ego,13,17,7,31,54,60
ambiguous_local_context,13,17,8,32,55,60
noisy_untrusted_external,13,17,8,32,55,60
nominal,13,18,5,29,52,60
degraded_ego,13,18,5,29,52,60
ambiguous_local_context,13,18,8,32,55,60
noisy_untrusted_external,13,18,5,29,52,60
nominal,13,19,5,29,52,60
degraded_ego,13,19,8,32,55,60
ambiguous_local_context,13,19,7,31,54,60
noisy_untrusted_external,13,19,6,30,53,60
nominal,13,20,7,31,54,60
degraded_ego,13,20,5,29,52,60
ambiguous_local_context,13,20,8,32,55,60
noisy_untrusted_external,13,20,8,32,55,60
nominal,13,21,5,29,52,60
degraded_ego,13,21,7,31,54,60
ambiguous_local_context,13,21,5,29,52,60
noisy_untrusted_external,13,21,7,31,54,60
nominal,13,22,7,31,54,60
degraded_ego,13,22,5,29,52,60
ambiguous_local_context,13,22,6,30,53,60
noisy_untrusted_external,13,22,8,32,55,60
nominal,13,23,5,29,52,60
degraded_ego,13,23,8,32,55,60
ambiguous_local_context,13,23,8,32,55,60
noisy_untrusted_external,13,23,8,32,55,60
nominal,13,24,7,31,54,60
degraded_ego,13,24,6,30,53,60
ambiguous_local_context,13,24,6,30,53,60
noisy_untrusted_external,13,24,5,29,52,60
nominal,13,25,8,32,55,60
degraded_ego,13,25,5,29,52,60
ambiguous_local_context,13,25,8,32,55,60
noisy_untrusted_external,13,25,7,31,54,60
nominal,13,26,8,32,55,60
degraded_ego,13,26,6,30,53,60
ambiguous_local_context,13,26,6,30,53,60
noisy_untrusted_external,13,26,5,29,52,60
nominal,13,27,5,29,52,60
degraded_ego,13,27,8,32,55,60
ambiguous_local_context,13,27,8,32,55,60
noisy_untrusted_external,13,27,5,29,52,60
nominal,13,28,5,29,52,60
degraded_ego,13,28,5,29,52,60
ambiguous_local_context,13,28,6,30,53,60
noisy_untrusted_external,13,28,6,30,53,60
nominal,13,29,7,31,54,60
degraded_ego,13,29,7,31,54,60
ambiguous_local_context,13,29,7,31,54,60
noisy_untrusted_external,13,29,8,32,55,60
nominal,13,30,6,30,53,60
degraded_ego,13,30,5,29,52,60
ambiguous_local_context,13,30,5,29,52,60
noisy_untrusted_external,13,30,7,31,54,60
nominal,13,31,8,32,55,60
degraded_ego,13,31,7,31,54,60
ambiguous_local_context,13,31,6,30,53,60
noisy_untrusted_external,13,31,8,32,55,60
nominal,13,32,8,32,55,60
degraded_ego,13,32,5,29,52,60
ambiguous_local_context,13,32,5,29,52,60
noisy_untrusted_external,13,32,6,30,53,60
nominal,13,33,5,29,52,60
degraded_ego,13,33,7,31,54,60
ambiguous_local_context,13,33,6,30,53,60
noisy_untrusted_external,13,33,8,32,55,60
nominal,13,34,6,30,53,60
degraded_ego,13,34,5,29,52,60
ambiguous_local_context,13,34,8,32,55,60
noisy_untrusted_external,13,34,6,30,53,60
nominal,13,35,8,32,55,60
degraded_ego,13,35,8,32,55,60
ambiguous_local_context,13,35,8,32,55,60
noisy_untrusted_external,13,35,7,31,54,60
nominal,13,36,7,31,54,60
degraded_ego,13,36,7,31,54,60
ambiguous_local_context,13,36,8,32,55,60
noisy_untrusted_external,13,36,5,29,52,60
nominal,13,37,6,30,53,60
degraded_ego,13,37,7,31,54,60
ambiguous_local_context,13,37,7,31,54,60
noisy_untrusted_external,13,37,6,30,53,60
nominal,13,38,5,29,52,60
degraded_ego,13,38,7,31,54,60
ambiguous_local_context,13,38,6,30,53,60
noisy_untrusted_external,13,38,5,29,52,60
nominal,13,39,8,32,55,60
degraded_ego,13,39,8,32,55,60
ambiguous_local_context,13,39,7,31,54,60
noisy_untrusted_external,13,39,5,29,52,60
nominal,13,40,5,29,52,60
degraded_ego,13,40,6,30,53,60
ambiguous_local_context,13,40,6,30,53,60
noisy_untrusted_external,13,40,5,29,52,60
nominal,13,41,5,29,52,60
degraded_ego,13,41,6,30,53,60
ambiguous_local_context,13,41,6,30,53,60
noisy_untrusted_external,13,41,8,32,55,60
nominal,13,42,7,31,54,60
degraded_ego,13,42,8,32,55,60
ambiguous_local_context,13,42,8,32,55,60
noisy_untrusted_external,13,42,5,29,52,60
nominal,13,43,6,30,53,60
degraded_ego,13,43,5,29,52,60
ambiguous_local_context,13,43,6,30,53,60
noisy_untrusted_external,13,43,6,30,53,60
nominal,13,44,6,30,53,60
degraded_ego,13,44,8,32,55,60
ambiguous_local_context,13,44,6,30,53,60
noisy_untrusted_external,13,44,7,31,54,60
nominal,13,45,8,32,55,60
degraded_ego,13,45,8,32,55,60
ambiguous_local_context,13,45,6,30,53,60
noisy_untrusted_external,13,45,5,29,52,60
nominal,13,46,5,29,52,60
degraded_ego,13,46,8,32,55,60
ambiguous_local_context,13,46,8,32,55,60
noisy_untrusted_external,13,46,6,30,53,60
nominal,13,47,6,30,53,60
degraded_ego,13,47,8,32,55,60
ambiguous_local_context,13,47,6,30,53,60
noisy_untrusted_external,13,47,6,30,53,60
nominal,13,48,6,30,53,60
degraded_ego,13,48,5,29,52,60
ambiguous_local_context,13,48,8,32,55,60
noisy_untrusted_external,13,48,5,29,52,60
nominal,13,49,8,32,55,60
degraded_ego,13,49,7,31,54,60
ambiguous_local_context,13,49,7,31,54,60
noisy_untrusted_external,13,49,7,31,54,60
nominal,17,0,5,29,52,60
degraded_ego,17,0,8,32,55,60
ambiguous_local_context,17,0,7,31,54,60
noisy_untrusted_external,17,0,6,30,53,60
nominal,17,1,7,31,54,60
degraded_ego,17,1,7,31,54,60
ambiguous_local_context,17,1,5,29,52,60
noisy_untrusted_external,17,1,8,32,55,60
nominal,17,2,5,29,52,60
degraded_ego,17,2,5,29,52,60
ambiguous_local_context,17,2,8,32,55,60
noisy_untrusted_external,17,2,8,32,55,60
nominal,17,3,8,32,55,60
degraded_ego,17,3,7,31,54,60
ambiguous_local_context,17,3,7,31,54,60
noisy_untrusted_external,17,3,8,32,55,60
nominal,17,4,8,32,55,60
degraded_ego,17,4,6,30,53,60
ambiguous_local_context,17,4,5,29,52,60
noisy_untrusted_external,17,4,6,30,53,60
nominal,17,5,5,29,52,60
degraded_ego,17,5,8,32,55,60
ambiguous_local_context,17,5,6,30,53,60
noisy_untrusted_external,17,5,6,30,53,60
nominal,17,6,7,31,54,60
degraded_ego,17,6,6,30,53,60
ambiguous_local_context,17,6,6,30,53,60
noisy_untrusted_external,17,6,8,32,55,60
nominal,17,7,8,32,55,60
degraded_ego,17,7,6,30,53,60
ambiguous_local_context,17,7,7,31,54,60
noisy_untrusted_external,17,7,8,32,55,60
nominal,17,8,8,32,55,60
degraded_ego,17,8,6,30,53,60
ambiguous_local_context,17,8,5,29,52,60
noisy_untrusted_external,17,8,6,30,53,60
nominal,17,9,7,31,54,60
degraded_ego,17,9,8,32,55,60
ambiguous_local_context,17,9,5,29,52,60
noisy_untrusted_external,17,9,8,32,55,60
nominal,17,10,8,32,55,60
degraded_ego,17,10,5,29,52,60
ambiguous_local_context,17,10,5,29,52,60
noisy_untrusted_external,17,10,7,31,54,60
nominal,17,11,7,31,54,60
degraded_ego,17,11,8,32,55,60
ambiguous_local_context,17,11,5,29,52,60
noisy_untrusted_external,17,11,5,29,52,60
nominal,17,12,6,30,53,60
degraded_ego,17,12,6,30,53,60
ambiguous_local_context,17,12,5,29,52,60
noisy_untrusted_external,17,12,7,31,54,60
nominal,17,13,5,29,52,60
degraded_ego,17,13,5,29,52,60
ambiguous_local_context,17,13,7,31,54,60
noisy_untrusted_external,17,13,6,30,53,60
nominal,17,14,5,29,52,60
degraded_ego,17,14,7,31,54,60
ambiguous_local_context,17,14,8,32,55,60
noisy_untrusted_external,17,14,5,29,52,60
nominal,17,15,8,32,55,60
degraded_ego,17,15,8,32,55,60
ambiguous_local_context,17,15,5,29,52,60
noisy_untrusted_external,17,15,7,31,54,60
nominal,17,16,5,29,52,60
degraded_ego,17,16,6,30,53,60
ambiguous_local_context,17,16,5,29,52,60
noisy_untrusted_external,17,16,5,29,52,60
nominal,17,17,5,29,52,60
degraded_ego,17,17,7,31,54,60
ambiguous_local_context,17,17,7,31,54,60
noisy_untrusted_external,17,17,8,32,55,60
nominal,17,18,5,29,52,60
degraded_ego,17,18,7,31,54,60
ambiguous_local_context,17,18,5,29,52,60
noisy_untrusted_external,17,18,5,29,52,60
nominal,17,19,7,31,54,60
degraded_ego,17,19,8,32,55,60
ambiguous_local_context,17,19,7,31,54,60
noisy_untrusted_external,17,19,8,32,55,60
nominal,17,20,5,29,52,60
degraded_ego,17,20,6,30,53,60
ambiguous_local_context,17,20,8,32,55,60
noisy_untrusted_external,17,20,6,30,53,60
nominal,17,21,8,32,55,60
degraded_ego,17,21,8,32,55,60
ambiguous_local_context,17,21,7,31,54,60
noisy_untrusted_external,17,21,5,29,52,60
nominal,17,22,5,29,52,60
degraded_ego,17,22,8,32,55,60
ambiguous_local_context,17,22,7,31,54,60
noisy_untrusted_external,17,22,5,29,52,60
nominal,17,23,6,30,53,60
degraded_ego,17,23,5,29,52,60
ambiguous_local_context,17,23,5,29,52,60
noisy_untrusted_external,17,23,5,29,52,60
nominal,17,24,7,31,54,60
degraded_ego,17,24,6,30,53,60
ambiguous_local_context,17,24,5,29,52,60
noisy_untrusted_external,17,24,8,32,55,60
nominal,17,25,7,31,54,60
degraded_ego,17,25,8,32,55,60
ambiguous_local_context,17,25,5,29,52,60
noisy_untrusted_external,17,25,5,29,52,60
nominal,17,26,8,32,55,60
degraded_ego,17,26,6,30,53,60
ambiguous_local_context,17,26,6,30,53,60
noisy_untrusted_external,17,26,6,30,53,60
nominal,17,27,8,32,55,60
degraded_ego,17,27,6,30,53,60
ambiguous_local_context,17,27,6,30,53,60
noisy_untrusted_external,17,27,6,30,53,60
nominal,17,28,7,31,54,60
degraded_ego,17,28,6,30,53,60
ambiguous_local_context,17,28,7,31,54,60
noisy_untrusted_external,17,28,7,31,54,60
nominal,17,29,6,30,53,60
degraded_ego,17,29,7,31,54,60
ambiguous_local_context,17,29,7,31,54,60
noisy_untrusted_external,17,29,5,29,52,60
nominal,17,30,5,29,52,60
degraded_ego,17,30,8,32,55,60
ambiguous_local_context,17,30,6,30,53,60
noisy_untrusted_external,17,30,8,32,55,60
nominal,17,31,8,32,55,60
degraded_ego,17,31,6,30,53,60
ambiguous_local_context,17,31,7,31,54,60
noisy_untrusted_external,17,31,7,31,54,60
nominal,17,32,6,30,53,60
degraded_ego,17,32,8,32,55,60
ambiguous_local_context,17,32,8,32,55,60
noisy_untrusted_external,17,32,5,29,52,60
nominal,17,33,8,32,55,60
degraded_ego,17,33,5,29,52,60
ambiguous_local_context,17,33,5,29,52,60
noisy_untrusted_external,17,33,8,32,55,60
nominal,17,34,5,29,52,60
degraded_ego,17,34,5,29,52,60
ambiguous_local_context,17,34,5,29,52,60
noisy_untrusted_external,17,34,6,30,53,60
nominal,17,35,7,31,54,60
degraded_ego,17,35,8,32,55,60
ambiguous_local_context,17,35,6,30,53,60
noisy_untrusted_external,17,35,5,29,52,60
nominal,17,36,7,31,54,60
degraded_ego,17,36,6,30,53,60
ambiguous_local_context,17,36,6,30,53,60
noisy_untrusted_external,17,36,7,31,54,60
nominal,17,37,6,30,53,60
degraded_ego,17,37,8,32,55,60
ambiguous_local_context,17,37,7,31,54,60
noisy_untrusted_external,17,37,5,29,52,60
nominal,17,38,5,29,52,60
degraded_ego,17,38,7,31,54,60
ambiguous_local_context,17,38,6,30,53,60
noisy_untrusted_external,17,38,6,30,53,60
nominal,17,39,5,29,52,60
degraded_ego,17,39,8,32,55,60
ambiguous_local_context,17,39,7,31,54,60
noisy_untrusted_external,17,39,8,32,55,60
nominal,17,40,7,31,54,60
degraded_ego,17,40,5,29,52,60
ambiguous_local_context,17,40,7,31,54,60
noisy_untrusted_external,17,40,8,32,55,60
nominal,17,41,5,29,52,60
degraded_ego,17,41,5,29,52,60
ambiguous_local_context,17,41,7,31,54,60
noisy_untrusted_external,17,41,8,32,55,60
nominal,17,42,6,30,53,60
degraded_ego,17,42,5,29,52,60
ambiguous_local_context,17,42,8,32,55,60
noisy_untrusted_external,17,42,6,30,53,60
nominal,17,43,8,32,55,60
degraded_ego,17,43,6,30,53,60
ambiguous_local_context,17,43,8,32,55,60
noisy_untrusted_external,17,43,7,31,54,60
nominal,17,44,5,29,52,60
degraded_ego,17,44,8,32,55,60
ambiguous_local_context,17,44,7,31,54,60
noisy_untrusted_external,17,44,7,31,54,60
nominal,17,45,6,30,53,60
degraded_ego,17,45,7,31,54,60
ambiguous_local_context,17,45,5,29,52,60
noisy_untrusted_external,17,45,8,32,55,60
nominal,17,46,5,29,52,60
degraded_ego,17,46,6,30,53,60
ambiguous_local_context,17,46,8,32,55,60
noisy_untrusted_external,17,46,6,30,53,60
nominal,17,47,8,32,55,60
degraded_ego,17,47,6,30,53,60
ambiguous_local_context,17,47,6,30,53,60
noisy_untrusted_external,17,47,8,32,55,60
nominal,17,48,8,32,55,60
degraded_ego,17,48,5,29,52,60
ambiguous_local_context,17,48,5,29,52,60
noisy_untrusted_external,17,48,7,31,54,60
nominal,17,49,7,31,54,60
degraded_ego,17,49,5,29,52,60
ambiguous_local_context,17,49,6,30,53,60
noisy_untrusted_external,17,49,8,32,55,60
nominal,19,0,5,29,52,60
degraded_ego,19,0,8,32,55,60
ambiguous_local_context,19,0,5,29,52,60
noisy_untrusted_external,19,0,6,30,53,60
nominal,19,1,6,30,53,60
degraded_ego,19,1,6,30,53,60
ambiguous_local_context,19,1,6,30,53,60
noisy_untrusted_external,19,1,8,32,55,60
nominal,19,2,5,29,52,60
degraded_ego,19,2,5,29,52,60
ambiguous_local_context,19,2,5,29,52,60
noisy_untrusted_external,19,2,6,30,53,60
nominal,19,3,6,30,53,60
degraded_ego,19,3,7,31,54,60
ambiguous_local_context,19,3,6,30,53,60
noisy_untrusted_external,19,3,5,29,52,60
nominal,19,4,8,32,55,60
degraded_ego,19,4,7,31,54,60
ambiguous_local_context,19,4,6,30,53,60
noisy_untrusted_external,19,4,8,32,55,60
nominal,19,5,7,31,54,60
degraded_ego,19,5,7,31,54,60
ambiguous_local_context,19,5,5,29,52,60
noisy_untrusted_external,19,5,8,32,55,60
nominal,19,6,5,29,52,60
degraded_ego,19,6,5,29,52,60
ambiguous_local_context,19,6,6,30,53,60
noisy_untrusted_external,19,6,5,29,52,60
nominal,19,7,8,32,55,60
degraded_ego,19,7,7,31,54,60
ambiguous_local_context,19,7,8,32,55,60
noisy_untrusted_external,19,7,5,29,52,60
nominal,19,8,8,32,55,60
degraded_ego,19,8,8,32,55,60
ambiguous_local_context,19,8,6,30,53,60
noisy_untrusted_external,19,8,6,30,53,60
nominal,19,9,8,32,55,60
degraded_ego,19,9,5,29,52,60
ambiguous_local_context,19,9,7,31,54,60
noisy_untrusted_external,19,9,7,31,54,60
nominal,19,10,7,31,54,60
degraded_ego,19,10,6,30,53,60
ambiguous_local_context,19,10,5,29,52,60
noisy_untrusted_external,19,10,6,30,53,60
nominal,19,11,6,30,53,60
degraded_ego,19,11,7,31,54,60
ambiguous_local_context,19,11,8,32,55,60
noisy_untrusted_external,19,11,6,30,53,60
nominal,19,12,8,32,55,60
degraded_ego,19,12,6,30,53,60
ambiguous_local_context,19,12,8,32,55,60
noisy_untrusted_external,19,12,6,30,53,60
nominal,19,13,8,32,55,60
degraded_ego,19,13,7,31,54,60
ambiguous_local_context,19,13,8,32,55,60
noisy_untrusted_external,19,13,5,29,52,60
nominal,19,14,5,29,52,60
degraded_ego,19,14,5,29,52,60
ambiguous_local_context,19,14,5,29,52,60
noisy_untrusted_external,19,14,8,32,55,60
nominal,19,15,7,31,54,60
degraded_ego,19,15,8,32,55,60
ambiguous_local_context,19,15,7,31,54,60
noisy_untrusted_external,19,15,8,32,55,60
nominal,19,16,6,30,53,60
degraded_ego,19,16,8,32,55,60
ambiguous_local_context,19,16,7,31,54,60
noisy_untrusted_external,19,16,7,31,54,60
nominal,19,17,6,30,53,60
degraded_ego,19,17,7,31,54,60
ambiguous_local_context,19,17,8,32,55,60
noisy_untrusted_external,19,17,6,30,53,60
nominal,19,18,8,32,55,60
degraded_ego,19,18,6,30,53,60
ambiguous_local_context,19,18,5,29,52,60
noisy_untrusted_external,19,18,6,30,53,60
nominal,19,19,8,32,55,60
degraded_ego,19,19,6,30,53,60
ambiguous_local_context,19,19,7,31,54,60
noisy_untrusted_external,19,19,6,30,53,60
nominal,19,20,5,29,52,60
degraded_ego,19,20,6,30,53,60
ambiguous_local_context,19,20,6,30,53,60
noisy_untrusted_external,19,20,5,29,52,60
nominal,19,21,5,29,52,60
degraded_ego,19,21,6,30,53,60
ambiguous_local_context,19,21,6,30,53,60
noisy_untrusted_external,19,21,7,31,54,60
nominal,19,22,8,32,55,60
degraded_ego,19,22,8,32,55,60
ambiguous_local_context,19,22,6,30,53,60
noisy_untrusted_external,19,22,8,32,55,60
nominal,19,23,7,31,54,60
degraded_ego,19,23,7,31,54,60
ambiguous_local_context,19,23,6,30,53,60
noisy_untrusted_external,19,23,7,31,54,60
nominal,19,24,6,30,53,60
degraded_ego,19,24,8,32,55,60
ambiguous_local_context,19,24,7,31,54,60
noisy_untrusted_external,19,24,7,31,54,60
nominal,19,25,7,31,54,60
degraded_ego,19,25,6,30,53,60
ambiguous_local_context,19,25,8,32,55,60
noisy_untrusted_external,19,25,7,31,54,60
nominal,19,26,7,31,54,60
degraded_ego,19,26,7,31,54,60
ambiguous_local_context,19,26,6,30,53,60
noisy_untrusted_external,19,26,6,30,53,60
nominal,19,27,5,29,52,60
degraded_ego,19,27,6,30,53,60
ambiguous_local_context,19,27,5,29,52,60
noisy_untrusted_external,19,27,5,29,52,60
nominal,19,28,6,30,53,60
degraded_ego,19,28,5,29,52,60
ambiguous_local_context,19,28,6,30,53,60
noisy_untrusted_external,19,28,7,31,54,60
nominal,19,29,8,32,55,60
degraded_ego,19,29,6,30,53,60
ambiguous_local_context,19,29,7,31,54,60
noisy_untrusted_external,19,29,7,31,54,60
nominal,19,30,8,32,55,60
degraded_ego,19,30,7,31,54,60
ambiguous_local_context,19,30,7,31,54,60
noisy_untrusted_external,19,30,6,30,53,60
nominal,19,31,6,30,53,60
degraded_ego,19,31,5,29,52,60
ambiguous_local_context,19,31,8,32,55,60
noisy_untrusted_external,19,31,6,30,53,60
nominal,19,32,7,31,54,60
degraded_ego,19,32,6,30,53,60
ambiguous_local_context,19,32,8,32,55,60
noisy_untrusted_external,19,32,8,32,55,60
nominal,19,33,6,30,53,60
degraded_ego,19,33,6,30,53,60
ambiguous_local_context,19,33,5,29,52,60
noisy_untrusted_external,19,33,7,31,54,60
nominal,19,34,6,30,53,60
degraded_ego,19,34,7,31,54,60
ambiguous_local_context,19,34,8,32,55,60
noisy_untrusted_external,19,34,6,30,53,60
nominal,19,35,5,29,52,60
degraded_ego,19,35,8,32,55,60
ambiguous_local_context,19,35,7,31,54,60
noisy_untrusted_external,19,35,8,32,55,60
nominal,19,36,6,30,53,60
degraded_ego,19,36,6,30,53,60
ambiguous_local_context,19,36,6,30,53,60
noisy_untrusted_external,19,36,5,29,52,60
nominal,19,37,6,30,53,60
degraded_ego,19,37,6,30,53,60
ambiguous_local_context,19,37,7,31,54,60
noisy_untrusted_external,19,37,7,31,54,60
nominal,19,38,8,32,55,60
degraded_ego,19,38,8,32,55,60
ambiguous_local_context,19,38,8,32,55,60
noisy_untrusted_external,19,38,8,32,55,60
nominal,19,39,5,29,52,60
degraded_ego,19,39,8,32,55,60
ambiguous_local_context,19,39,6,30,53,60
noisy_untrusted_external,19,39,7,31,54,60
nominal,19,40,6,30,53,60
degraded_ego,19,40,5,29,52,60
ambiguous_local_context,19,40,7,31,54,60
noisy_untrusted_external,19,40,6,30,53,60
nominal,19,41,8,32,55,60
degraded_ego,19,41,6,30,53,60
ambiguous_local_context,19,41,8,32,55,60
noisy_untrusted_external,19,41,5,29,52,60
nominal,19,42,7,31,54,60
degraded_ego,19,42,8,32,55,60
ambiguous_local_context,19,42,6,30,53,60
noisy_untrusted_external,19,42,6,30,53,60
nominal,19,43,5,29,52,60
degraded_ego,19,43,6,30,53,60
ambiguous_local_context,19,43,7,31,54,60
noisy_untrusted_external,19,43,6,30,53,60
nominal,19,44,5,29,52,60
degraded_ego,19,44,5,29,52,60
ambiguous_local_context,19,44,5,29,52,60
noisy_untrusted_external,19,44,5,29,52,60
nominal,19,45,7,31,54,60
degraded_ego,19,45,6,30,53,60
ambiguous_local_context,19,45,7,31,54,60
noisy_untrusted_external,19,45,8,32,55,60
nominal,19,46,5,29,52,60
degraded_ego,19,46,5,29,52,60
ambiguous_local_context,19,46,8,32,55,60
noisy_untrusted_external,19,46,6,30,53,60
nominal,19,47,7,31,54,60
degraded_ego,19,47,5,29,52,60
ambiguous_local_context,19,47,8,32,55,60
noisy_untrusted_external,19,47,6,30,53,60
nominal,19,48,8,32,55,60
degraded_ego,19,48,6,30,53,60
ambiguous_local_context,19,48,6,30,53,60
noisy_untrusted_external,19,48,7,31,54,60
nominal,19,49,6,30,53,60
degraded_ego,19,49,5,29,52,60
ambiguous_local_context,19,49,8,32,55,60
noisy_untrusted_external,19,49,8,32,55,60
